{"cameraMode":{"drawMode":0,"name":"Shaded","section":"Shading Mode"},"sceneLighting":false,"audioPlay":false,"sceneViewState":{"showFog":true,"showMaterialUpdate":false,"showSkybox":true,"showFlares":true,"showImageEffects":true,"showParticleSystems":true},"in2DMode":false,"pivot":{"x":8.630000114440918,"y":0.5299999713897705,"z":2.384185791015625e-7},"rotation":{"x":-0.1624993085861206,"y":-0.11720751971006394,"z":0.01948227547109127,"w":-0.9795460104942322},"size":5.918038368225098,"orthographic":true}