{"cameraMode":{"drawMode":0,"name":"Shaded","section":"Shading Mode"},"sceneLighting":false,"audioPlay":false,"sceneViewState":{"showFog":true,"showMaterialUpdate":false,"showSkybox":true,"showFlares":true,"showImageEffects":true,"showParticleSystems":true},"in2DMode":false,"pivot":{"x":0.05039767920970917,"y":0.1783151924610138,"z":3.862945079803467},"rotation":{"x":0.43036410212516787,"y":-0.0027078245766460897,"z":0.0012911699013784528,"w":0.9026508331298828},"size":1.2702610492706299,"orthographic":true}