{"cameraMode":{"drawMode":0,"name":"Shaded","section":"Shading Mode"},"sceneLighting":false,"audioPlay":false,"sceneViewState":{"showFog":true,"showMaterialUpdate":false,"showSkybox":true,"showFlares":true,"showImageEffects":true,"showParticleSystems":true},"in2DMode":false,"pivot":{"x":4.9874958992004398,"y":0.36517953872680666,"z":-0.21530449390411378},"rotation":{"x":-0.1624993085861206,"y":-0.11720751971006394,"z":0.01948227547109127,"w":-0.9795460104942322},"size":6.4644389152526859,"orthographic":true}