{"cameraMode":{"drawMode":0,"name":"Shaded","section":"Shading Mode"},"sceneLighting":false,"audioPlay":false,"sceneViewState":{"showFog":true,"showMaterialUpdate":false,"showSkybox":true,"showFlares":true,"showImageEffects":true,"showParticleSystems":true},"in2DMode":false,"pivot":{"x":0.14054203033447267,"y":1.5717380046844483,"z":0.5859545469284058},"rotation":{"x":0.12203136831521988,"y":-0.3325464427471161,"z":0.0434417687356472,"w":0.9341488480567932},"size":6.900692939758301,"orthographic":false}