{"cameraMode":{"drawMode":0,"name":"Shaded","section":"Shading Mode"},"sceneLighting":true,"audioPlay":false,"sceneViewState":{"showFog":true,"showMaterialUpdate":false,"showSkybox":true,"showFlares":true,"showImageEffects":true,"showParticleSystems":true},"in2DMode":false,"pivot":{"x":-13.185593605041504,"y":114.0,"z":-57.49250030517578},"rotation":{"x":0.471860408782959,"y":-0.000001239326934410201,"z":-9.067333621715079e-7,"w":0.8816763758659363},"size":341.44683837890627,"orthographic":true}