{"cameraMode":{"drawMode":0,"name":"Shaded","section":"Shading Mode"},"sceneLighting":false,"audioPlay":false,"sceneViewState":{"showFog":true,"showMaterialUpdate":false,"showSkybox":true,"showFlares":true,"showImageEffects":true,"showParticleSystems":true},"in2DMode":false,"pivot":{"x":-11.195768356323243,"y":-0.015668779611587526,"z":-9.44137191772461},"rotation":{"x":-0.24236497282981873,"y":0.1629551351070404,"z":-0.04129326343536377,"w":-0.955528199672699},"size":7.175665855407715,"orthographic":true}