{"cameraMode":{"drawMode":0,"name":"Shaded","section":"Shading Mode"},"sceneLighting":false,"audioPlay":false,"sceneViewState":{"showFog":true,"showMaterialUpdate":false,"showSkybox":true,"showFlares":true,"showImageEffects":true,"showParticleSystems":true},"in2DMode":false,"pivot":{"x":0.6910820007324219,"y":-0.6935486793518066,"z":8.250022888183594},"rotation":{"x":-0.24236497282981873,"y":0.1629551351070404,"z":-0.04129326343536377,"w":-0.955528199672699},"size":63.99848937988281,"orthographic":true}