{"cameraMode":{"drawMode":0,"name":"Shaded","section":"Shading Mode"},"sceneLighting":false,"audioPlay":false,"sceneViewState":{"showFog":true,"showMaterialUpdate":false,"showSkybox":true,"showFlares":true,"showImageEffects":true,"showParticleSystems":true},"in2DMode":false,"pivot":{"x":1.2187838554382325,"y":1.6522208452224732,"z":-3.4896597862243654},"rotation":{"x":0.5541453957557678,"y":-0.014419423416256905,"z":0.009383127093315125,"w":0.8323164582252502},"size":1.2841358184814454,"orthographic":true}