{"cameraMode":{"drawMode":0,"name":"Shaded","section":"Shading Mode"},"sceneLighting":false,"audioPlay":false,"sceneViewState":{"showFog":true,"showMaterialUpdate":false,"showSkybox":true,"showFlares":true,"showImageEffects":true,"showParticleSystems":true},"in2DMode":false,"pivot":{"x":-0.01587928831577301,"y":0.1390387862920761,"z":-0.08902716636657715},"rotation":{"x":0.49649709463119509,"y":-0.5033560991287231,"z":0.5109137296676636,"w":0.48906728625297549},"size":6.350592613220215,"orthographic":true}