{"cameraMode":{"drawMode":0,"name":"Shaded","section":"Shading Mode"},"sceneLighting":false,"audioPlay":false,"sceneViewState":{"showFog":true,"showMaterialUpdate":false,"showSkybox":true,"showFlares":true,"showImageEffects":true,"showParticleSystems":true},"in2DMode":false,"pivot":{"x":-13.947225570678711,"y":-0.751657247543335,"z":-8.251829147338868},"rotation":{"x":-0.10213378816843033,"y":0.19799049198627473,"z":-0.020709458738565446,"w":-0.974666178226471},"size":6.081613540649414,"orthographic":true}