{"cameraMode":{"drawMode":0,"name":"Shaded","section":"Shading Mode"},"sceneLighting":false,"audioPlay":false,"sceneViewState":{"showFog":true,"showMaterialUpdate":false,"showSkybox":true,"showFlares":true,"showImageEffects":true,"showParticleSystems":true},"in2DMode":false,"pivot":{"x":-0.05274248123168945,"y":4.789979934692383,"z":1.4402804374694825},"rotation":{"x":0.09044213593006134,"y":-0.2839215397834778,"z":0.026910224929451944,"w":0.9541969895362854},"size":105.19026947021485,"orthographic":true}