{"cameraMode":{"drawMode":0,"name":"Shaded","section":"Shading Mode"},"sceneLighting":false,"audioPlay":false,"sceneViewState":{"showFog":true,"showMaterialUpdate":false,"showSkybox":true,"showFlares":true,"showImageEffects":true,"showParticleSystems":true},"in2DMode":false,"pivot":{"x":0.8446223139762878,"y":1.6363707780838013,"z":-1.3361235857009888},"rotation":{"x":0.5541453957557678,"y":-0.014419423416256905,"z":0.009383127093315125,"w":0.8323164582252502},"size":2.4127001762390138,"orthographic":true}